{
  "manifests": {
    "1": [
      {
        "sku": "CASE-001",
        "item_name": "iPhone 12/13 Clear Case",
        "product_name": "iPhone 12/13 Clear Case",
        "quantity": 25,
        "condition": "new",
        "condition_grade": "new",
        "notes": "Clear protective case, various colors",
        "estimated_value": 12.00,
        "category": "Phone Cases",
        "brand": "Generic"
      },
      {
        "sku": "CASE-002",
        "item_name": "iPhone 14/15 Silicone Case",
        "product_name": "iPhone 14/15 Silicone Case",
        "quantity": 20,
        "condition": "new",
        "condition_grade": "new",
        "notes": "Soft silicone, multiple colors",
        "estimated_value": 15.00,
        "category": "Phone Cases",
        "brand": "Generic"
      },
      {
        "sku": "CASE-003",
        "item_name": "Samsung Galaxy S21/S22 Case",
        "product_name": "Samsung Galaxy S21/S22 Case",
        "quantity": 15,
        "condition": "new",
        "condition_grade": "new",
        "notes": "Protective case with kickstand",
        "estimated_value": 18.00,
        "category": "Phone Cases",
        "brand": "Generic"
      },
      {
        "sku": "CASE-004",
        "item_name": "Google Pixel 6/7 Case",
        "product_name": "Google Pixel 6/7 Case",
        "quantity": 15,
        "condition": "new",
        "condition_grade": "new",
        "notes": "Rugged protective case",
        "estimated_value": 16.00,
        "category": "Phone Cases",
        "brand": "Generic"
      },
      {
        "sku": "CBL-001",
        "item_name": "Lightning Cable 6ft",
        "product_name": "Lightning Cable 6ft",
        "quantity": 40,
        "condition": "new",
        "condition_grade": "new",
        "notes": "MFi certified, braided cable",
        "estimated_value": 15.00,
        "category": "Cables",
        "brand": "Generic"
      },
      {
        "sku": "CBL-002",
        "item_name": "USB-C Cable 3ft",
        "product_name": "USB-C Cable 3ft",
        "quantity": 35,
        "condition": "new",
        "condition_grade": "new",
        "notes": "Fast charging, data transfer",
        "estimated_value": 12.00,
        "category": "Cables",
        "brand": "Generic"
      },
      {
        "sku": "CBL-003",
        "item_name": "Micro-USB Cable 6ft",
        "product_name": "Micro-USB Cable 6ft",
        "quantity": 25,
        "condition": "new",
        "condition_grade": "new",
        "notes": "Universal compatibility",
        "estimated_value": 8.00,
        "category": "Cables",
        "brand": "Generic"
      },
      {
        "sku": "PROT-001",
        "item_name": "iPhone 12/13 Screen Protector",
        "product_name": "iPhone 12/13 Screen Protector",
        "quantity": 30,
        "condition": "new",
        "condition_grade": "new",
        "notes": "Tempered glass, 9H hardness",
        "estimated_value": 8.00,
        "category": "Screen Protectors",
        "brand": "Generic"
      },
      {
        "sku": "PROT-002",
        "item_name": "iPhone 14/15 Screen Protector",
        "product_name": "iPhone 14/15 Screen Protector",
        "quantity": 25,
        "condition": "new",
        "condition_grade": "new",
        "notes": "Tempered glass, anti-fingerprint",
        "estimated_value": 10.00,
        "category": "Screen Protectors",
        "brand": "Generic"
      },
      {
        "sku": "PROT-003",
        "item_name": "Samsung Galaxy Screen Protector",
        "product_name": "Samsung Galaxy Screen Protector",
        "quantity": 20,
        "condition": "new",
        "condition_grade": "new",
        "notes": "Curved edge protection",
        "estimated_value": 12.00,
        "category": "Screen Protectors",
        "brand": "Generic"
      }
    ],
    "2": [
      {
        "sku": "CASE-005",
        "item_name": "iPhone 12/13 Clear Case",
        "product_name": "iPhone 12/13 Clear Case",
        "quantity": 50,
        "condition": "new",
        "condition_grade": "new",
        "notes": "Clear protective case, various colors",
        "estimated_value": 12.00,
        "category": "Phone Cases",
        "brand": "Generic"
      },
      {
        "sku": "CASE-006",
        "item_name": "iPhone 14/15 Silicone Case",
        "product_name": "iPhone 14/15 Silicone Case",
        "quantity": 40,
        "condition": "new",
        "condition_grade": "new",
        "notes": "Soft silicone, multiple colors",
        "estimated_value": 15.00,
        "category": "Phone Cases",
        "brand": "Generic"
      },
      {
        "sku": "CASE-007",
        "item_name": "Samsung Galaxy S21/S22 Case",
        "product_name": "Samsung Galaxy S21/S22 Case",
        "quantity": 30,
        "condition": "new",
        "condition_grade": "new",
        "notes": "Protective case with kickstand",
        "estimated_value": 18.00,
        "category": "Phone Cases",
        "brand": "Generic"
      },
      {
        "sku": "CASE-008",
        "item_name": "Google Pixel 6/7 Case",
        "product_name": "Google Pixel 6/7 Case",
        "quantity": 30,
        "condition": "new",
        "condition_grade": "new",
        "notes": "Rugged protective case",
        "estimated_value": 16.00,
        "category": "Phone Cases",
        "brand": "Generic"
      },
      {
        "sku": "CBL-004",
        "item_name": "Lightning Cable 6ft",
        "product_name": "Lightning Cable 6ft",
        "quantity": 80,
        "condition": "new",
        "condition_grade": "new",
        "notes": "MFi certified, braided cable",
        "estimated_value": 15.00,
        "category": "Cables",
        "brand": "Generic"
      },
      {
        "sku": "CBL-005",
        "item_name": "USB-C Cable 3ft",
        "product_name": "USB-C Cable 3ft",
        "quantity": 70,
        "condition": "new",
        "condition_grade": "new",
        "notes": "Fast charging, data transfer",
        "estimated_value": 12.00,
        "category": "Cables",
        "brand": "Generic"
      },
      {
        "sku": "CBL-006",
        "item_name": "Micro-USB Cable 6ft",
        "product_name": "Micro-USB Cable 6ft",
        "quantity": 50,
        "condition": "new",
        "condition_grade": "new",
        "notes": "Universal compatibility",
        "estimated_value": 8.00,
        "category": "Cables",
        "brand": "Generic"
      },
      {
        "sku": "PROT-004",
        "item_name": "iPhone 12/13 Screen Protector",
        "product_name": "iPhone 12/13 Screen Protector",
        "quantity": 60,
        "condition": "new",
        "condition_grade": "new",
        "notes": "Tempered glass, 9H hardness",
        "estimated_value": 8.00,
        "category": "Screen Protectors",
        "brand": "Generic"
      },
      {
        "sku": "PROT-005",
        "item_name": "iPhone 14/15 Screen Protector",
        "product_name": "iPhone 14/15 Screen Protector",
        "quantity": 50,
        "condition": "new",
        "condition_grade": "new",
        "notes": "Tempered glass, anti-fingerprint",
        "estimated_value": 10.00,
        "category": "Screen Protectors",
        "brand": "Generic"
      },
      {
        "sku": "PROT-006",
        "item_name": "Samsung Galaxy Screen Protector",
        "product_name": "Samsung Galaxy Screen Protector",
        "quantity": 40,
        "condition": "new",
        "condition_grade": "new",
        "notes": "Curved edge protection",
        "estimated_value": 12.00,
        "category": "Screen Protectors",
        "brand": "Generic"
      }
    ],
    "3": [
      {
        "sku": "CASE-009",
        "item_name": "iPhone 12/13 Clear Case",
        "product_name": "iPhone 12/13 Clear Case",
        "quantity": 100,
        "condition": "new",
        "condition_grade": "new",
        "notes": "Clear protective case, various colors",
        "estimated_value": 12.00,
        "category": "Phone Cases",
        "brand": "Generic"
      },
      {
        "sku": "CASE-010",
        "item_name": "iPhone 14/15 Silicone Case",
        "product_name": "iPhone 14/15 Silicone Case",
        "quantity": 80,
        "condition": "new",
        "condition_grade": "new",
        "notes": "Soft silicone, multiple colors",
        "estimated_value": 15.00,
        "category": "Phone Cases",
        "brand": "Generic"
      },
      {
        "sku": "CASE-011",
        "item_name": "Samsung Galaxy S21/S22 Case",
        "product_name": "Samsung Galaxy S21/S22 Case",
        "quantity": 60,
        "condition": "new",
        "condition_grade": "new",
        "notes": "Protective case with kickstand",
        "estimated_value": 18.00,
        "category": "Phone Cases",
        "brand": "Generic"
      },
      {
        "sku": "CASE-012",
        "item_name": "Google Pixel 6/7 Case",
        "product_name": "Google Pixel 6/7 Case",
        "quantity": 60,
        "condition": "new",
        "condition_grade": "new",
        "notes": "Rugged protective case",
        "estimated_value": 16.00,
        "category": "Phone Cases",
        "brand": "Generic"
      },
      {
        "sku": "CBL-007",
        "item_name": "Lightning Cable 6ft",
        "product_name": "Lightning Cable 6ft",
        "quantity": 160,
        "condition": "new",
        "condition_grade": "new",
        "notes": "MFi certified, braided cable",
        "estimated_value": 15.00,
        "category": "Cables",
        "brand": "Generic"
      },
      {
        "sku": "CBL-008",
        "item_name": "USB-C Cable 3ft",
        "product_name": "USB-C Cable 3ft",
        "quantity": 140,
        "condition": "new",
        "condition_grade": "new",
        "notes": "Fast charging, data transfer",
        "estimated_value": 12.00,
        "category": "Cables",
        "brand": "Generic"
      },
      {
        "sku": "CBL-009",
        "item_name": "Micro-USB Cable 6ft",
        "product_name": "Micro-USB Cable 6ft",
        "quantity": 100,
        "condition": "new",
        "condition_grade": "new",
        "notes": "Universal compatibility",
        "estimated_value": 8.00,
        "category": "Cables",
        "brand": "Generic"
      },
      {
        "sku": "PROT-007",
        "item_name": "iPhone 12/13 Screen Protector",
        "product_name": "iPhone 12/13 Screen Protector",
        "quantity": 120,
        "condition": "new",
        "condition_grade": "new",
        "notes": "Tempered glass, 9H hardness",
        "estimated_value": 8.00,
        "category": "Screen Protectors",
        "brand": "Generic"
      },
      {
        "sku": "PROT-008",
        "item_name": "iPhone 14/15 Screen Protector",
        "product_name": "iPhone 14/15 Screen Protector",
        "quantity": 100,
        "condition": "new",
        "condition_grade": "new",
        "notes": "Tempered glass, anti-fingerprint",
        "estimated_value": 10.00,
        "category": "Screen Protectors",
        "brand": "Generic"
      },
      {
        "sku": "PROT-009",
        "item_name": "Samsung Galaxy Screen Protector",
        "product_name": "Samsung Galaxy Screen Protector",
        "quantity": 80,
        "condition": "new",
        "condition_grade": "new",
        "notes": "Curved edge protection",
        "estimated_value": 12.00,
        "category": "Screen Protectors",
        "brand": "Generic"
      },
      {
        "sku": "EAR-001",
        "item_name": "Wireless Earbuds",
        "product_name": "Wireless Earbuds",
        "quantity": 30,
        "condition": "new",
        "condition_grade": "new",
        "notes": "Bluetooth 5.0, noise cancellation",
        "estimated_value": 25.00,
        "category": "Earbuds",
        "brand": "Generic"
      }
    ],
    "4": [
      {
        "sku": "MAC-001",
        "item_name": "MacBook Air M1 13\"",
        "product_name": "MacBook Air M1 13\"",
        "quantity": 2,
        "condition": "refurbished",
        "condition_grade": "excellent",
        "notes": "8GB RAM, 256GB SSD, includes charger",
        "estimated_value": 800.00,
        "category": "Laptops",
        "brand": "Apple"
      },
      {
        "sku": "MAC-002",
        "item_name": "MacBook Air M2 13\"",
        "product_name": "MacBook Air M2 13\"",
        "quantity": 2,
        "condition": "refurbished",
        "condition_grade": "excellent",
        "notes": "8GB RAM, 256GB SSD, includes charger",
        "estimated_value": 900.00,
        "category": "Laptops",
        "brand": "Apple"
      },
      {
        "sku": "MAC-003",
        "item_name": "MacBook Pro 13\" M1",
        "product_name": "MacBook Pro 13\" M1",
        "quantity": 1,
        "condition": "refurbished",
        "condition_grade": "excellent",
        "notes": "8GB RAM, 256GB SSD, includes charger",
        "estimated_value": 1000.00,
        "category": "Laptops",
        "brand": "Apple"
      },
      {
        "sku": "MAC-004",
        "item_name": "MacBook Pro 14\" M1 Pro",
        "product_name": "MacBook Pro 14\" M1 Pro",
        "quantity": 1,
        "condition": "refurbished",
        "condition_grade": "excellent",
        "notes": "16GB RAM, 512GB SSD, includes charger",
        "estimated_value": 1300.00,
        "category": "Laptops",
        "brand": "Apple"
      }
    ]
  }
}
