{
  "packs": [
    {
      "id": 1,
      "name": "Starter Lot",
      "slug": "starter-lot",
      "type": "starter",
      "price": 500.00,
      "deposit_price": 350.00,
      "units": 250,
      "number_of_units": 250,
      "resale_estimate": "$1,250–$1,750",
      "estimated_resale_value": "$1,250–$1,750",
      "image": "/images/products/collage_1.png",
      "image_url": "/images/products/collage_1.png",
      "description": "Perfect for new resellers getting started. Contains 75 phone cases, 100 cables, and 75 screen protectors. All items are tested and ready for resale. Estimated resale value: $1,250–$1,750. All reseller packs ship within 3–5 business days of payment. Tracking information is provided within 24 hours of shipment.",
      "short_description": "75 cases, 100 cables, 75 protectors - Ready to resell",
      "status": "available",
      "available_quantity": 8,
      "reserved_quantity": 2,
      "created_at": "2024-01-15T10:00:00Z"
    },
    {
      "id": 2,
      "name": "Growth Lot",
      "slug": "growth-lot",
      "type": "growth",
      "price": 1000.00,
      "deposit_price": 700.00,
      "units": 500,
      "number_of_units": 500,
      "resale_estimate": "$2,500–$3,500",
      "estimated_resale_value": "$2,500–$3,500",
      "image": "/images/products/collage_1.png",
      "image_url": "/images/products/collage_1.png",
      "description": "Ideal for established resellers looking to scale. Contains 150 phone cases, 200 cables, and 150 screen protectors. Higher volume for better profit margins. Estimated resale value: $2,500–$3,500. All reseller packs ship within 3–5 business days of payment. Tracking information is provided within 24 hours of shipment.",
      "short_description": "150 cases, 200 cables, 150 protectors - Scale your business",
      "status": "available",
      "available_quantity": 5,
      "reserved_quantity": 1,
      "created_at": "2024-01-15T10:00:00Z"
    },
    {
      "id": 3,
      "name": "Pro Lot",
      "slug": "pro-lot",
      "type": "pro",
      "price": 2000.00,
      "deposit_price": 1400.00,
      "units": 1000,
      "number_of_units": 1000,
      "resale_estimate": "$5,000–$7,000",
      "estimated_resale_value": "$5,000–$7,000",
      "image": "/images/products/collage_2.png",
      "image_url": "/images/products/collage_2.png",
      "description": "For professional resellers and businesses. Contains 300 phone cases, 400 cables, 300 screen protectors, and 30 earbuds. Premium selection with maximum profit potential. Estimated resale value: $5,000–$7,000. All reseller packs ship within 3–5 business days of payment. Tracking information is provided within 24 hours of shipment.",
      "short_description": "300 cases, 400 cables, 300 protectors, 30 earbuds - Professional grade",
      "status": "available",
      "available_quantity": 3,
      "reserved_quantity": 0,
      "created_at": "2024-01-15T10:00:00Z"
    },
    {
      "id": 4,
      "name": "MacBook Bundle",
      "slug": "macbook-bundle",
      "type": "macbook",
      "price": 2000.00,
      "deposit_price": 1400.00,
      "units": 6,
      "number_of_units": 6,
      "resale_estimate": "$2,700–$3,900",
      "estimated_resale_value": "$2,700–$3,900",
      "image": "/images/products/collage_3.png",
      "image_url": "/images/products/collage_3.png",
      "description": "Premium bundle for high-end resellers. Contains 6 refurbished MacBooks with chargers. All units are tested, cleaned, and ready for resale. Perfect for tech stores and online sellers. Estimated resale value: $2,700–$3,900. All reseller packs ship within 3–5 business days of payment. Tracking information is provided within 24 hours of shipment.",
      "short_description": "6 refurbished MacBooks with chargers - Premium bundle",
      "status": "limited",
      "available_quantity": 2,
      "reserved_quantity": 1,
      "created_at": "2024-01-15T10:00:00Z"
    }
  ]
}
